{"cameraMode":{"drawMode":0,"name":"Shaded","section":"Shading Mode"},"sceneLighting":false,"audioPlay":false,"sceneViewState":{"showFog":true,"showMaterialUpdate":false,"showSkybox":false,"showFlares":true,"showImageEffects":true,"showParticleSystems":true},"in2DMode":false,"pivot":{"x":266.6000061035156,"y":168.31454467773438,"z":-897.0999755859375},"rotation":{"x":-0.14809539914131165,"y":-0.534664511680603,"z":0.09580567479133606,"w":-0.8264585733413696},"size":3.3253517150878908,"orthographic":false}